{
    "$schema": "https://schema.management.azure.com/schemas/2015-01-01/deploymentTemplate.json#",
    "contentVersion": "1.0.0.0",
    "parameters": {
        "sites_BeerAPISSP_name": {
            "defaultValue": "BeerAPISSP",
            "type": "String"
        },
        "components_BeerAPISSP_name": {
            "defaultValue": "BeerAPISSP",
            "type": "String"
        },
        "storageAccounts_beerstorage_name": {
            "defaultValue": "beerstorage",
            "type": "String"
        },
        "serverfarms_ASP_ServerSideProgramming_8b60_name": {
            "defaultValue": "ASP-ServerSideProgramming-8b60",
            "type": "String"
        }
    },
    "variables": {},
    "resources": [
        {
            "type": "microsoft.insights/components",
            "apiVersion": "2015-05-01",
            "name": "[parameters('components_BeerAPISSP_name')]",
            "location": "northeurope",
            "tags": {
                "hidden-link:/subscriptions/8972a56a-4f9f-4f10-8af2-5978fd5028dc/resourceGroups/Server_Side_Programming/providers/Microsoft.Web/sites/BeerAPISSP": "Resource"
            },
            "kind": "web",
            "properties": {
                "Application_Type": "web",
                "Flow_Type": "Redfield",
                "Request_Source": "AppServiceEnablementCreate"
            }
        },
        {
            "type": "Microsoft.Storage/storageAccounts",
            "apiVersion": "2019-04-01",
            "name": "[parameters('storageAccounts_beerstorage_name')]",
            "location": "westeurope",
            "sku": {
                "name": "Standard_LRS",
                "tier": "Standard"
            },
            "kind": "Storage",
            "properties": {
                "networkAcls": {
                    "bypass": "AzureServices",
                    "virtualNetworkRules": [],
                    "ipRules": [],
                    "defaultAction": "Allow"
                },
                "supportsHttpsTrafficOnly": true,
                "encryption": {
                    "services": {
                        "file": {
                            "enabled": true
                        },
                        "blob": {
                            "enabled": true
                        }
                    },
                    "keySource": "Microsoft.Storage"
                }
            }
        },
        {
            "type": "Microsoft.Web/serverfarms",
            "apiVersion": "2018-02-01",
            "name": "[parameters('serverfarms_ASP_ServerSideProgramming_8b60_name')]",
            "location": "West Europe",
            "sku": {
                "name": "Y1",
                "tier": "Dynamic",
                "size": "Y1",
                "family": "Y",
                "capacity": 0
            },
            "kind": "functionapp",
            "properties": {
                "perSiteScaling": false,
                "maximumElasticWorkerCount": 1,
                "isSpot": false,
                "reserved": false,
                "isXenon": false,
                "hyperV": false,
                "targetWorkerCount": 0,
                "targetWorkerSizeId": 0
            }
        },
        {
            "type": "Microsoft.Storage/storageAccounts/blobServices",
            "apiVersion": "2019-04-01",
            "name": "[concat(parameters('storageAccounts_beerstorage_name'), '/default')]",
            "dependsOn": [
                "[resourceId('Microsoft.Storage/storageAccounts', parameters('storageAccounts_beerstorage_name'))]"
            ],
            "sku": {
                "name": "Standard_LRS"
            },
            "properties": {
                "cors": {
                    "corsRules": []
                },
                "deleteRetentionPolicy": {
                    "enabled": false
                }
            }
        },
        {
            "type": "Microsoft.Web/sites",
            "apiVersion": "2018-11-01",
            "name": "[parameters('sites_BeerAPISSP_name')]",
            "location": "West Europe",
            "dependsOn": [
                "[resourceId('Microsoft.Web/serverfarms', parameters('serverfarms_ASP_ServerSideProgramming_8b60_name'))]"
            ],
            "kind": "functionapp",
            "properties": {
                "enabled": true,
                "hostNameSslStates": [
                    {
                        "name": "beerapissp.azurewebsites.net",
                        "sslState": "Disabled",
                        "hostType": "Standard"
                    },
                    {
                        "name": "beerapissp.scm.azurewebsites.net",
                        "sslState": "Disabled",
                        "hostType": "Repository"
                    }
                ],
                "serverFarmId": "[resourceId('Microsoft.Web/serverfarms', parameters('serverfarms_ASP_ServerSideProgramming_8b60_name'))]",
                "reserved": false,
                "isXenon": false,
                "hyperV": false,
                "scmSiteAlsoStopped": false,
                "clientAffinityEnabled": false,
                "clientCertEnabled": false,
                "hostNamesDisabled": false,
                "containerSize": 1536,
                "dailyMemoryTimeQuota": 0,
                "httpsOnly": true,
                "redundancyMode": "None"
            }
        },
        {
            "type": "Microsoft.Web/sites/config",
            "apiVersion": "2018-11-01",
            "name": "[concat(parameters('sites_BeerAPISSP_name'), '/web')]",
            "location": "West Europe",
            "dependsOn": [
                "[resourceId('Microsoft.Web/sites', parameters('sites_BeerAPISSP_name'))]"
            ],
            "properties": {
                "numberOfWorkers": 1,
                "defaultDocuments": [
                    "Default.htm",
                    "Default.html",
                    "Default.asp",
                    "index.htm",
                    "index.html",
                    "iisstart.htm",
                    "default.aspx",
                    "index.php"
                ],
                "netFrameworkVersion": "v4.0",
                "phpVersion": "5.6",
                "requestTracingEnabled": false,
                "remoteDebuggingEnabled": false,
                "remoteDebuggingVersion": "VS2019",
                "httpLoggingEnabled": false,
                "logsDirectorySizeLimit": 35,
                "detailedErrorLoggingEnabled": false,
                "publishingUsername": "$BeerAPISSP",
                "scmType": "None",
                "use32BitWorkerProcess": true,
                "webSocketsEnabled": false,
                "alwaysOn": false,
                "managedPipelineMode": "Integrated",
                "virtualApplications": [
                    {
                        "virtualPath": "/",
                        "physicalPath": "site\\wwwroot",
                        "preloadEnabled": false
                    }
                ],
                "loadBalancing": "LeastRequests",
                "experiments": {
                    "rampUpRules": []
                },
                "autoHealEnabled": false,
                "cors": {
                    "allowedOrigins": [
                        "https://functions.azure.com",
                        "https://functions-staging.azure.com",
                        "https://functions-next.azure.com"
                    ],
                    "supportCredentials": false
                },
                "localMySqlEnabled": false,
                "ipSecurityRestrictions": [
                    {
                        "ipAddress": "Any",
                        "action": "Allow",
                        "priority": 1,
                        "name": "Allow all",
                        "description": "Allow all access"
                    }
                ],
                "scmIpSecurityRestrictions": [
                    {
                        "ipAddress": "Any",
                        "action": "Allow",
                        "priority": 1,
                        "name": "Allow all",
                        "description": "Allow all access"
                    }
                ],
                "scmIpSecurityRestrictionsUseMain": false,
                "http20Enabled": false,
                "minTlsVersion": "1.2",
                "ftpsState": "AllAllowed",
                "reservedInstanceCount": 0
            }
        },
        {
            "type": "Microsoft.Web/sites/deployments",
            "apiVersion": "2018-11-01",
            "name": "[concat(parameters('sites_BeerAPISSP_name'), '/26bb0fb457114472bd47000110910c07')]",
            "location": "West Europe",
            "dependsOn": [
                "[resourceId('Microsoft.Web/sites', parameters('sites_BeerAPISSP_name'))]"
            ],
            "properties": {
                "status": 4,
                "author_email": "N/A",
                "author": "N/A",
                "deployer": "Push-Deployer",
                "message": "Created via a push deployment",
                "start_time": "2020-01-16T12:33:54.85416Z",
                "end_time": "2020-01-16T12:34:00.1211523Z",
                "active": true
            }
        },
        {
            "type": "Microsoft.Web/sites/deployments",
            "apiVersion": "2018-11-01",
            "name": "[concat(parameters('sites_BeerAPISSP_name'), '/5ec3031e5b26429098ab6ea46edbda91')]",
            "location": "West Europe",
            "dependsOn": [
                "[resourceId('Microsoft.Web/sites', parameters('sites_BeerAPISSP_name'))]"
            ],
            "properties": {
                "status": 4,
                "author_email": "N/A",
                "author": "N/A",
                "deployer": "Push-Deployer",
                "message": "Created via a push deployment",
                "start_time": "2020-01-16T11:51:41.9043074Z",
                "end_time": "2020-01-16T11:51:47.8665917Z",
                "active": false
            }
        },
        {
            "type": "Microsoft.Web/sites/deployments",
            "apiVersion": "2018-11-01",
            "name": "[concat(parameters('sites_BeerAPISSP_name'), '/94b993c6d66b4e4ca9c0da2362400325')]",
            "location": "West Europe",
            "dependsOn": [
                "[resourceId('Microsoft.Web/sites', parameters('sites_BeerAPISSP_name'))]"
            ],
            "properties": {
                "status": 4,
                "author_email": "N/A",
                "author": "N/A",
                "deployer": "Push-Deployer",
                "message": "Created via a push deployment",
                "start_time": "2020-01-16T11:47:58.8768967Z",
                "end_time": "2020-01-16T11:48:05.2455167Z",
                "active": false
            }
        },
        {
            "type": "Microsoft.Web/sites/deployments",
            "apiVersion": "2018-11-01",
            "name": "[concat(parameters('sites_BeerAPISSP_name'), '/9ea88c6b6a224a0ba952658783f052f2')]",
            "location": "West Europe",
            "dependsOn": [
                "[resourceId('Microsoft.Web/sites', parameters('sites_BeerAPISSP_name'))]"
            ],
            "properties": {
                "status": 4,
                "author_email": "N/A",
                "author": "N/A",
                "deployer": "Push-Deployer",
                "message": "Created via a push deployment",
                "start_time": "2020-01-16T12:19:15.1408902Z",
                "end_time": "2020-01-16T12:19:20.7598783Z",
                "active": false
            }
        },
        {
            "type": "Microsoft.Web/sites/deployments",
            "apiVersion": "2018-11-01",
            "name": "[concat(parameters('sites_BeerAPISSP_name'), '/c6b2494a154b41b197fbdda8ecee57de')]",
            "location": "West Europe",
            "dependsOn": [
                "[resourceId('Microsoft.Web/sites', parameters('sites_BeerAPISSP_name'))]"
            ],
            "properties": {
                "status": 4,
                "author_email": "N/A",
                "author": "N/A",
                "deployer": "Push-Deployer",
                "message": "Created via a push deployment",
                "start_time": "2020-01-16T12:13:40.4743923Z",
                "end_time": "2020-01-16T12:13:45.9981645Z",
                "active": false
            }
        },
        {
            "type": "Microsoft.Web/sites/deployments",
            "apiVersion": "2018-11-01",
            "name": "[concat(parameters('sites_BeerAPISSP_name'), '/eb6de7c09c4a4f94a90e54c4f17fe26f')]",
            "location": "West Europe",
            "dependsOn": [
                "[resourceId('Microsoft.Web/sites', parameters('sites_BeerAPISSP_name'))]"
            ],
            "properties": {
                "status": 4,
                "author_email": "N/A",
                "author": "N/A",
                "deployer": "Push-Deployer",
                "message": "Created via a push deployment",
                "start_time": "2020-01-10T18:27:10.8718849Z",
                "end_time": "2020-01-10T18:27:21.69891Z",
                "active": false
            }
        },
        {
            "type": "Microsoft.Web/sites/deployments",
            "apiVersion": "2018-11-01",
            "name": "[concat(parameters('sites_BeerAPISSP_name'), '/fe20d8bed13644bdbb38100cd9681e95')]",
            "location": "West Europe",
            "dependsOn": [
                "[resourceId('Microsoft.Web/sites', parameters('sites_BeerAPISSP_name'))]"
            ],
            "properties": {
                "status": 4,
                "author_email": "N/A",
                "author": "N/A",
                "deployer": "Push-Deployer",
                "message": "Created via a push deployment",
                "start_time": "2020-01-16T11:11:10.4294412Z",
                "end_time": "2020-01-16T11:11:21.1630036Z",
                "active": false
            }
        },
        {
            "type": "Microsoft.Web/sites/functions",
            "apiVersion": "2018-11-01",
            "name": "[concat(parameters('sites_BeerAPISSP_name'), '/FetchRapport')]",
            "location": "West Europe",
            "dependsOn": [
                "[resourceId('Microsoft.Web/sites', parameters('sites_BeerAPISSP_name'))]"
            ],
            "properties": {
                "script_root_path_href": "https://beerapissp.azurewebsites.net/admin/vfs/site/wwwroot/FetchRapport/",
                "script_href": "https://beerapissp.azurewebsites.net/admin/vfs/site/wwwroot/bin/QueueAPI.dll",
                "config_href": "https://beerapissp.azurewebsites.net/admin/vfs/site/wwwroot/FetchRapport/function.json",
                "href": "https://beerapissp.azurewebsites.net/admin/functions/FetchRapport",
                "config": {}
            }
        },
        {
            "type": "Microsoft.Web/sites/functions",
            "apiVersion": "2018-11-01",
            "name": "[concat(parameters('sites_BeerAPISSP_name'), '/queue')]",
            "location": "West Europe",
            "dependsOn": [
                "[resourceId('Microsoft.Web/sites', parameters('sites_BeerAPISSP_name'))]"
            ],
            "properties": {
                "script_root_path_href": "https://beerapissp.azurewebsites.net/admin/vfs/site/wwwroot/queue/",
                "script_href": "https://beerapissp.azurewebsites.net/admin/vfs/site/wwwroot/bin/QueueAPI.dll",
                "config_href": "https://beerapissp.azurewebsites.net/admin/vfs/site/wwwroot/queue/function.json",
                "href": "https://beerapissp.azurewebsites.net/admin/functions/queue",
                "config": {}
            }
        },
        {
            "type": "Microsoft.Web/sites/functions",
            "apiVersion": "2018-11-01",
            "name": "[concat(parameters('sites_BeerAPISSP_name'), '/request')]",
            "location": "West Europe",
            "dependsOn": [
                "[resourceId('Microsoft.Web/sites', parameters('sites_BeerAPISSP_name'))]"
            ],
            "properties": {
                "script_root_path_href": "https://beerapissp.azurewebsites.net/admin/vfs/site/wwwroot/request/",
                "script_href": "https://beerapissp.azurewebsites.net/admin/vfs/site/wwwroot/bin/QueueAPI.dll",
                "config_href": "https://beerapissp.azurewebsites.net/admin/vfs/site/wwwroot/request/function.json",
                "href": "https://beerapissp.azurewebsites.net/admin/functions/request",
                "config": {}
            }
        },
        {
            "type": "Microsoft.Web/sites/hostNameBindings",
            "apiVersion": "2018-11-01",
            "name": "[concat(parameters('sites_BeerAPISSP_name'), '/', parameters('sites_BeerAPISSP_name'), '.azurewebsites.net')]",
            "location": "West Europe",
            "dependsOn": [
                "[resourceId('Microsoft.Web/sites', parameters('sites_BeerAPISSP_name'))]"
            ],
            "properties": {
                "siteName": "BeerAPISSP",
                "hostNameType": "Verified"
            }
        },
        {
            "type": "Microsoft.Storage/storageAccounts/blobServices/containers",
            "apiVersion": "2019-04-01",
            "name": "[concat(parameters('storageAccounts_beerstorage_name'), '/default/azure-webjobs-hosts')]",
            "dependsOn": [
                "[resourceId('Microsoft.Storage/storageAccounts/blobServices', parameters('storageAccounts_beerstorage_name'), 'default')]",
                "[resourceId('Microsoft.Storage/storageAccounts', parameters('storageAccounts_beerstorage_name'))]"
            ],
            "properties": {
                "publicAccess": "None"
            }
        },
        {
            "type": "Microsoft.Storage/storageAccounts/blobServices/containers",
            "apiVersion": "2019-04-01",
            "name": "[concat(parameters('storageAccounts_beerstorage_name'), '/default/azure-webjobs-secrets')]",
            "dependsOn": [
                "[resourceId('Microsoft.Storage/storageAccounts/blobServices', parameters('storageAccounts_beerstorage_name'), 'default')]",
                "[resourceId('Microsoft.Storage/storageAccounts', parameters('storageAccounts_beerstorage_name'))]"
            ],
            "properties": {
                "publicAccess": "None"
            }
        },
        {
            "type": "Microsoft.Storage/storageAccounts/blobServices/containers",
            "apiVersion": "2019-04-01",
            "name": "[concat(parameters('storageAccounts_beerstorage_name'), '/default/beerimages')]",
            "dependsOn": [
                "[resourceId('Microsoft.Storage/storageAccounts/blobServices', parameters('storageAccounts_beerstorage_name'), 'default')]",
                "[resourceId('Microsoft.Storage/storageAccounts', parameters('storageAccounts_beerstorage_name'))]"
            ],
            "properties": {
                "publicAccess": "None"
            }
        }
    ]
}